,Product_Name,Prices_list
0,Projector Hot-selling Mini 720p LCD HD 300inch Large Screen Projector For Home Theater Basic Version,['$47.00-$61.00']
1,AUN MINI Projector A30 BASIC Portable Home Theater Cinema Battery Sync Phone Beamer LED Projectors for 4k Movies,['$35.00-$40.00']
2,Hot Sell Full HD 1080P Support 4K Video Projector Touyinger Q10A Smart WIFI LCD Projector Supplier For Home Theater Business,['$125.00-$138.00']
3,Classic Lx325st 3200 lumens 3D projection projector mini led projector,['$450.00-$700.00']
4,BYINTEK P70 Smart WiFI Android 3D Home Theater Proyector Portable Mini projector with battery Home Projector For Home Theater,['$196.64-$204.54']
5,BYINTEK K25 Smart WIFI 3D LCD Video Full HD 1080P LED Home Theater Projector 4K Proyector (40USD More for Android),['$117.61-$126.81']
6,2022 New X1 4K Smart Projector Quad Core Android 9 5G WIFI LED 8K Video Full HD 1080P Mini Home Theater Projector 4K Projectors,['$20.00-$85.00']
7,2023 hologram laser portable YG300 mini projectors 4k projectors & presentation equipments,['$15.80-$17.80']
8,Wifi Projector MECOOL Sail KP1 1080P 700 ANSI 14000 Lumens Manual Focus Android 11 TV Stick Home LCD Full HD Projector,['$89.00-$139.00']
9,Pocket Mini LED Projectors YG300 Portable Projector Mini Beamer Handy 1080P Cinema Video Projector,['$14.40-$15.75']
10,New Arrival T200 1500LM 1920x1080P LED Wire Screen Mirroring Built-in Speaker Mini Projector,['$11.20-$21.90']
11,TD-M4000 Changhong M4000 2000ANSI Smart Projector DLP 4K HD Mobile Portable Projector 1920*1080 Pixels With 3+32GB,['$741.00-$750.00']
12,ZAOLIGHTEC Aliexpress Hot 9500 Lumens 1080P Beamer Led Lcd 4500 Projector 10000 Dlp Projector Mobile Phone A30 Projector,['$85.00-$108.00']
13,Factory Direct Sales Android Projector UMIIO P860 1080P LED Portable Smart Projector for Outdoor Meetings Home Theaters,['$39.80-$43.00']
14,Yinzam Portable YG300 Cheap Mini Projector For Home Kids Smart Pocket Cinema Video Proyector YG-300 1000Lumens with 1080p Beamer,['$31.98-$37.38']
15,Fengmi Projector 4k Vision Home Theater Tri Beam Laser Rgb Proyector Formovie Theater,"['$2,299.00-$2,799.00']"
16,Awol Vision Ltv-3500 4K Proyector Professional 3D Laser Show Projector Smart Ultra Short Throw Laser Projector,"['$3,899.00-$4,399.00']"
17,JMGO N1 Ultra Global version mini triple laser 4K projector 4000 ANSI with Android TV 11.0,"['$1,500.00-$2,000.00']"
18,AK300 320*240p video beamer home cinema theater 600 lumen mini pocket portable lcd smart projectors,['$12.74-$17.64']
19,Tripsky T2mini Portable Projector 1GB RAM 8GB ROM 4K 2.4G+5G Wifi Android 9.0 OS 120 ANSI Lumen Projectors,['$32.00-$35.00']
20,Casualle Projector Womenvideo Projector OEM ODM Original Native Women Andronew9.0 LCD LED 8K Decoding Projectorsmalert Andsexy,['$30.99-$89.99']
21,Superlieur Mini Led 1080p Hd Video Beamer Projectors For Home Cinema Theater,['$115.00-$120.00']
22,3LCD Full HD HMI DLP 15000 lumens high power video laser cinema beamer digital projectors professional outdoor,"['$12,420.00-$12,600.00']"
23,T8 Mini Projector 4K WiFi 5G Android 9.0 2+16G 5800 Lumens Full HD LCD LED 3D Projector Portable Beam with WiFi and Blue Tooth,['$55.00-$65.00']
24,Android Mini Projector Fire 505 Portable Video-Projector Stylish Multimedia Home Theater Movie Projector Black/Red,['$53.80-$82.00']
25,High Quality Wanbo Projector X1 Android Version EU Plug Wireless Theater Projector,['$78.81-$84.74']
26,ViewSonic PS501W Short Throw Ratio 0.49 Projector WXGA 1280x800 Education Projectors 3600 Lumens Lamp commercial projector,['$590.00-$610.00']
27,Fully Sealed Optical Engine 720P Portable Video Projector Android 9.0 Smart Home Theater Mini Projectors With Bluetooth Wifi,['$72.00-$76.50']
28,Topleo Smart Projector auto chart Proyector mini Home Theater Lcd Smart movie portable 4k android projector,['$42.00-$47.00']
29,2022 Mini Projector CY303 120ANSI Lumens Portable LED Proyector HD Home Theatre Beamer for Kids Black White Cheap,['$41.80-$44.00']
30,Mini Projector 4300pro DLP 1080p Smart Android Wifi BT Mobile Phone Projector for Home projector 4K Theater/Outdoor/entertainmen,['$80.00-$96.00']
